{"opt_method": "efficient_risk", "base": ["index_all"], "markets": {"ADA-BTC": 1220.7858048162232, "CTSI-BTC": 1544.097807757167, "ETC-BTC": 33.56746946583607, "ETH-BTC": 0.34019285042333025, "ONT-BTC": 491.70230966638155, "RUNE-BTC": 15.038899247733559, "LTC-BTC": 0.41952, "XVG-BTC": 2419.512195121951}}