{"opt_method": "max_sharpe", "base": ["main"], "markets": {"SOL-BTC": 1.498214447715895, "MATIC-BTC": 302.60276252288236}}