{"opt_method": "max_sharpe", "base": ["index"], "markets": {"ADA-BTC": 1354.9304677623263, "CTSI-BTC": 1183.1365935919057, "ETC-BTC": 25.99804209495839, "ETH-BTC": 0.6062760768643121, "ONT-BTC": 427.71646859083194, "RUNE-BTC": 46.47918866173976}}